/mnt/remote/face/training-data/s41/1.pgm;41
/mnt/remote/face/training-data/s41/2.pgm;41
/mnt/remote/face/training-data/s41/3.pgm;41
/mnt/remote/face/training-data/s41/4.pgm;41
/mnt/remote/face/training-data/s41/5.pgm;41
/mnt/remote/face/training-data/s41/6.pgm;41
/mnt/remote/face/training-data/s41/7.pgm;41
/mnt/remote/face/training-data/s41/8.pgm;41
/mnt/remote/face/training-data/s41/9.pgm;41
/mnt/remote/face/training-data/s41/10.pgm;41
/mnt/remote/face/training-data/s41/11.pgm;41
/mnt/remote/face/training-data/s41/12.pgm;41
/mnt/remote/face/training-data/s41/13.pgm;41
/mnt/remote/face/training-data/s41/14.pgm;41
/mnt/remote/face/training-data/s41/15.pgm;41
/mnt/remote/face/training-data/s41/16.pgm;41
/mnt/remote/face/training-data/s41/17.pgm;41
/mnt/remote/face/training-data/s41/18.pgm;41
/mnt/remote/face/training-data/s41/19.pgm;41
/mnt/remote/face/training-data/s41/20.pgm;41
/mnt/remote/face/training-data/s41/21.pgm;41
/mnt/remote/face/training-data/s41/22.pgm;41
/mnt/remote/face/training-data/s41/23.pgm;41
/mnt/remote/face/training-data/s41/24.pgm;41
/mnt/remote/face/training-data/s41/25.pgm;41
/mnt/remote/face/training-data/s41/26.pgm;41
/mnt/remote/face/training-data/s41/27.pgm;41
/mnt/remote/face/training-data/s41/28.pgm;41
/mnt/remote/face/training-data/s41/29.pgm;41
/mnt/remote/face/training-data/s41/30.pgm;41
/mnt/remote/face/training-data/s41/31.pgm;41
